date,Avg_Passengers,Avg_Distance,Avg_Fare,Avg_Extra,Avg_MTA_tax,Avg_Tip,Avg_Tolls,Avg_Surcharge,Avg_Total,Avg_Duration,Total_Trips,maximum temperature,minimum temperature,average temperature,precipitation,Rain,Snow_fall,Snow_depth
2016-01-01,1.4146733232038202,3.7106346863468636,14.21572780551335,0.3363794226177556,0.49411764705882355,3.2306833080095507,0.1353518558714999,0.2964705882352941,18.708730627306274,0.3691987434580228,23034.999999999996,42,34,38,0,0,0,0
2016-01-02,1.3858497447118892,3.312718958648937,13.12117769174662,0.22813218874488023,0.4943051113729451,2.8893485945127084,0.13203837737754587,0.29646524154182796,17.16146720529653,0.32689787540443993,17823,40,32,36,0,0,0,0
2016-01-03,1.3742844057705519,3.3378658117700937,13.166264025646898,0.23514426379665673,0.4939317609342798,2.943467483398214,0.1385556446072819,0.2964277536065949,17.273790931989925,0.3345051745413836,17468,45,35,40,0,0,0,0
2016-01-04,1.3584928519505695,3.013565543978677,12.896186697358857,0.4283074872788951,0.49318512236491396,2.902558759389387,0.15725648170583958,0.29605645747516357,17.173551005573056,0.2961917117626471,16508,36,14,25,0,0,0,0
2016-01-05,1.3321301740699774,3.0416848110845898,12.961315130698026,0.4182045758863597,0.4946440006986086,2.889258892705362,0.15426791639983697,0.296926122140071,17.214616638528266,0.31670738649227326,17177,29,11,20,0,0,0,0
2016-01-06,1.3494551599557136,3.115729269856069,12.99212516753103,0.4171376959384651,0.49565876114445545,2.882650777926694,0.16283608181341414,0.2973777751879261,17.247786259541986,0.3013329804660438,17161,41,25,33,0,0,0,0
2016-01-07,1.3594348119792838,3.1646656158522855,13.203731141634767,0.41235082188696237,0.4943424904300833,2.9557346318396758,0.16581682053591534,0.2966561585228552,17.52863206485026,0.2977404988866371,17764,46,31,38.5,0,0,0,0
2016-01-08,1.3637473585348674,3.132243719182907,13.13609297957267,0.43003052359708854,0.4955623385771308,2.955649683024184,0.15296078891758627,0.2971965250058699,17.46749283869453,0.3281396911116329,21295,46,31,38.5,0,0,0,0
2016-01-09,1.381754219534369,3.2952650302383493,13.240922566109333,0.252164117158781,0.4959879837147713,2.9379932013123047,0.12414640894897032,0.2974149175856753,17.348629194829837,0.33538550052483407,25299,47,40,43.5,0.01,0.01,0,0
2016-01-10,1.3765614654601632,3.362353564334584,13.185219598322666,0.24113970425954537,0.4954976826307658,2.9342087839329065,0.11221496358419775,0.2971661884793644,17.265446921209445,0.32336729689300864,22655,59,40,49.5,1.8,1.8,0,0
2016-01-11,1.3492719860221316,3.1470442632498545,13.047029702970297,0.4099592312172394,0.494729178800233,2.9333989516598717,0.15869772859638906,0.2968200349446709,17.3406348281887,0.3039490228434608,17170,40,26,33,0,0,0,0
2016-01-12,1.3384039181791991,3.066647651973495,13.197579371938923,0.41403053874963985,0.4947853644482858,2.944243157591472,0.1646931719965428,0.2969922212618842,17.512323825986748,0.3266544223566695,17355,44,25,34.5,0.01,0,0.01,0
2016-01-13,1.352119827367352,3.01412185833968,12.846112211221122,0.41782178217821786,0.49545569941609546,2.930765168824575,0.14046204620462047,0.2971972581873572,17.12781416603199,0.32426007728978024,19695,30,22,26,0,0,0,0
2016-01-14,1.3462733710326558,3.195325284018544,13.381026542360793,0.40501299098272964,0.49521116715064445,2.9793463752610934,0.16454633450506903,0.29703499923582455,17.722178409496152,0.313472922716389,19629,38,22,30,0.01,0,0.01,0
2016-01-15,1.350360763135762,3.2997954937807092,13.748149262980833,0.4329378956221504,0.4952193351334602,3.071080961444823,0.17639856580054003,0.29713160108007614,18.220917622061883,0.3403455407512333,22591,51,34,42.5,0.01,0.01,0,0
2016-01-16,1.3808103311558357,3.327710606804365,13.290656647660764,0.2590340973454669,0.4951478306838349,2.9456115243741268,0.13409319185892837,0.29700940225805234,17.421552694181173,0.3240941463496499,26483.000000000004,52,42,47,0.24,0.24,0,0
2016-01-17,1.3888149705995965,3.308594360272973,13.043008283617322,0.25234988626121296,0.4953431477745826,2.9254641830121466,0.11189664792480364,0.2970771277737242,17.125139276363793,0.31662036043511643,23299,42,30,36,0.45,0.05,0.4,0
2016-01-18,1.3466611216730038,3.1472076996197718,12.545859672053233,0.17279586501901142,0.49536596958174905,2.791069391634981,0.15951045627376426,0.2972017585551331,16.46180311311787,0.31105219555344316,16832,31,18,24.5,0.02,0.01,0.01,0.01
2016-01-19,1.3443131383348483,2.9969424094968184,12.8324421153949,0.40981765680979626,0.4951072135179937,2.8665477781936795,0.13777231164108872,0.2969199508047698,17.038607026362225,0.37226985782103156,18701,28,16,22,0,0,0,0.01
2016-01-20,1.3350036923726132,3.0648987234940392,13.116971199493618,0.4106213735626121,0.4957537714948834,2.9787234940394556,0.1541291275450997,0.297404789534761,17.45360375567043,0.32004624257129793,18958,37,27,32,0,0,0,0.01
2016-01-21,1.3590031327441905,3.054373684948801,13.137895918081078,0.42913919670828077,0.4951839902744658,2.911742647402628,0.15714780006546034,0.29722261186702204,17.428332164398935,0.33617590904131794,21387,36,26,31,0,0,0,0
2016-01-22,1.3443129388164494,3.05678555667001,13.056292477432297,0.4441925777331996,0.49550651955867603,2.873109327983952,0.14451073219658978,0.2973159478435306,17.310927582748246,0.3346036554106765,24925,30,21,25.5,0.21000000000000002,0.01,0.2,0
2016-01-23,1.420132743362832,3.011387168141593,12.432606194690266,0.4393805309734513,0.4926991150442478,3.1109092920353985,0.06166371681415929,0.29535398230088494,16.832612831858405,0.38272861356932153,4519.999999999999,27,24,25.5,29.61,2.31,27.3,6
2016-01-24,1.3745815786632114,3.144363459669582,13.054938991469603,0.15068567109383438,0.4949789439585358,2.991766547888997,0.09647554259799158,0.29708454810495627,17.085930245113918,0.3265619263578447,9261,35,20,27.5,0.02,0.01,0.01,22
2016-01-25,1.3427570093457943,3.189067757009346,14.39196203271028,0.42280957943925235,0.4940128504672897,3.222845210280374,0.17494334112149532,0.29656542056074764,19.00313843457944,0.38041914914330216,17120,39,28,33.5,0,0,0,19
2016-01-26,1.3397363465160075,3.0729626042507396,13.894842076943771,0.42289480764057036,0.49588377723970944,3.0973688458434223,0.15802690341673392,0.2975469464622007,18.366563357546408,0.3568391922996443,18585,48,38,43,0,0,0,17
2016-01-27,1.3449770525242224,3.0319739928607854,13.450511983681794,0.4250892401835798,0.49592044875063745,3.035554818969913,0.15389750127485977,0.29742376338602755,17.858397756246813,0.349612286815117,19610,47,34,40.5,0.01,0.01,0,9
2016-01-28,1.3468374153966012,3.107396406485855,13.512550031650193,0.42413692360130495,0.49573939718556753,2.9992277353070067,0.16647027316550617,0.297237181672104,17.895361542581682,0.34968079293199805,20537,42,32,37,0,0,0,6
2016-01-29,1.3538642923933812,3.0833593527665974,13.23253852095784,0.44657885107939993,0.4960157742814164,2.9125962515753954,0.14438590071959995,0.2973488636825629,17.529464162296215,0.32124774701521863,24597,41,30,35.5,0,0,0,6
2016-01-30,1.391470335339639,3.2209977644024077,13.3551456577816,0.25030094582975065,0.49664660361134993,2.91549475494411,0.12580705073086845,0.2977864144453998,17.44118142734308,0.347687532244196,29074.999999999996,39,28,33.5,0,0,0,6
2016-01-31,1.389979804924161,3.378656812615477,13.398921067331242,0.24562798092209856,0.4963906672968676,2.926351136510119,0.1281798650797061,0.29757787994671936,17.49304859708675,0.338712838434619,23273,56,36,46,0,0,0,4
2016-02-01,1.3415891449902233,3.1998216507673165,13.373419446584109,0.3990341885406174,0.49632636132013985,2.9239799727439713,0.16977543402263437,0.2972856550334775,17.659821058244948,0.31713508851625816,16877,59,44,51.5,0.01,0.01,0,2
2016-02-02,1.345841327163977,3.095171538201106,13.053438663807697,0.4238799232592258,0.49571154497235076,2.8667272316894254,0.1613689199864575,0.29734567204604445,17.298471391490803,0.3320918287376644,17722,50,38,44,0,0,0,0.01
2016-02-03,1.3392992185530628,2.9755593647592637,12.857028989160575,0.4048903453491303,0.4964456768338795,2.8155276027224603,0.15406100327703554,0.2976667506932191,17.0256203680363,0.3219993838052825,19835,59,42,50.5,0.73,0.73,0,0
2016-02-04,1.341554054054054,3.139774131274131,13.329333011583012,0.41684362934362934,0.4961148648648649,2.91449083011583,0.16447007722007723,0.2973301158301158,17.61858252895753,0.35842536733161734,20720,59,44,51.5,0.01,0.01,0,0
2016-02-05,1.3372557172557173,3.0359758835758837,12.678028274428275,0.4507484407484407,0.4969022869022869,2.8033742203742205,0.14516424116424118,0.29788648648648647,16.87210395010395,0.29765939015939014,24049.999999999996,44,31,37.5,3.0300000000000002,0.53,2.5,1
2016-02-06,1.3801684268654655,3.270459722509836,13.271060260923587,0.25101815420722023,0.4966004003589425,2.872382135707876,0.13841961758818253,0.2977911230758611,17.327271691861668,0.33349983318377396,28973.999999999996,40,30,35,0,0,0,0
2016-02-07,1.3926915945611866,3.4326077719406674,13.385132107540173,0.2513133498145859,0.4969290791100124,2.8861418417799753,0.1324405129789864,0.2978040018541409,17.449760893077872,0.3545463363548963,25888,47,33,40,0,0,0,0
2016-02-08,1.3331071913161465,3.141663274536409,12.672265377657169,0.4009780642243329,0.4956467661691542,2.8177464947987336,0.1755721393034826,0.29739258254183626,16.85960142469471,0.28612037665209306,17688,39,28,33.5,0.15000000000000002,0.05,0.1,0
2016-02-09,1.336692859583191,3.0686362601070494,12.880152032798087,0.40895114451656983,0.496498120942945,2.863853205785218,0.1432798086778271,0.2978100444140758,17.09054435713472,0.31928489858153336,17562,36,27,31.5,0.01,0,0.01,0.01
2016-02-10,1.3546742787236212,3.029626873279641,12.760504638597206,0.42037924355184014,0.4962789275155469,2.8018274034050363,0.14917830563767967,0.2975379753287797,16.92570649403609,0.33558701759155424,19618,39,31,35,0.02,0.01,0.01,0
2016-02-11,1.3579959342707097,2.9940813992884974,12.788322463154328,0.4385905471794003,0.49684482466542434,2.8062027782483483,0.1553790445536168,0.29804633237336947,16.983385990174487,0.34510061974137446,23612,31,18,24.5,0.02,0.01,0.01,0
2016-02-12,1.3483393672280812,3.1702750668975286,13.552596017629467,0.43428301589800095,0.4960845269951204,2.989845742169054,0.17223162285534394,0.29760506847158824,17.942645994018573,0.35609948056036517,25412,27,15,21,0,0,0,0
2016-02-13,1.3863518422418266,3.1748271276595745,12.853388362740011,0.23006940840685006,0.4965133627400104,2.818942656979761,0.1357981966787753,0.29789017903476905,16.832602166580177,0.33609986738165254,30832.000000000004,22,6,14,0,0,0,0
2016-02-14,1.384835861963542,3.1900626743608362,12.743349638858104,0.21508006267436083,0.4954522872320098,2.7668055184010396,0.1232774104788474,0.2971830932090037,16.641148010853364,0.33915703833921435,26167,15,-1,7,0,0,0,0
2016-02-15,1.346427833987198,3.228522609952509,12.89087807144332,0.1788664051207929,0.49543155069172,2.8633274829651043,0.1485845550278753,0.29716394796613665,16.87425201321495,0.3248473742170831,19372,35,13,24,1.8399999999999999,0.44,1.4,0
2016-02-16,1.32465957329511,3.1946397265560393,13.1983786316776,0.37548927724791886,0.49619604167815207,2.9089370968631125,0.17963448922211808,0.29774243343072937,17.456377970119632,0.32259369008459365,18139,54,35,44.5,1.01,1.01,0,0
2016-02-17,1.349478035080282,3.138717079116104,13.045360076307562,0.4124317736208998,0.4963965873562609,2.907772773037995,0.16967887234380796,0.29758200413332625,17.329222086799852,0.31795858136234906,18871,39,35,37,0,0,0,0
2016-02-18,1.3523221887406132,3.143664801262735,13.188770268331181,0.42545558903716457,0.4964366001817573,2.8820839910077964,0.16160807385086334,0.297558234084278,17.45191275649304,0.32403425487476284,20907,36,27,31.5,0,0,0,0
2016-02-19,1.3638058910786184,3.2416397541852087,13.34041958041958,0.4469591015045561,0.49654587836406017,2.9041148548421276,0.15976859504132232,0.2978766687857597,17.645684678957405,0.3348013468013468,23595,39,24,31.5,0,0,0,0
2016-02-20,1.3829787234042554,3.380636562424074,13.63701016972684,0.24981777793203985,0.49737947311790637,2.893207455485752,0.12450452951997501,0.29816736663080073,17.700086772413314,0.3375875051581379,28810.999999999996,61,39,50,0,0,0,0
2016-02-21,1.3942408158147699,3.399421991892005,13.401085802649726,0.24482801855644248,0.4964893216867973,2.9089806494754877,0.1322163246541564,0.2976060517407113,17.481206168763322,0.3480973261262265,23927,55,44,49.5,0.03,0.03,0,0
2016-02-22,1.3383220782381213,3.1978043438583685,13.141809332603273,0.3963010281681572,0.49592383038267324,2.8923209831477763,0.17584595729147656,0.2976090527468516,17.399810184340208,0.30489561152683986,16437,52,38,45,0,0,0,0
2016-02-23,1.3445532435740515,2.865764993880049,12.473264758497317,0.4297147161284249,0.49606910837020995,2.730069202523303,0.142085020242915,0.29764146502212596,16.568844270784297,0.32261984904120766,21242,40,35,37.5,0.31,0.3,0.01,0
2016-02-24,1.3342522398345968,2.964012405237767,12.789277739490007,0.4037675166551803,0.49547438548127726,2.8288389616356535,0.15229267172065242,0.29738111647139903,16.96703239145417,0.3248172141817903,21765,60,36,48,1.22,1.22,0,0
2016-02-25,1.3488382626024729,3.1101947551972464,13.245167806512976,0.43129217808777576,0.4956519769917116,2.9402572580279904,0.18236514334888357,0.29749988677023415,17.592234249739573,0.3256096793836275,22079,61,37,49,0.02,0.02,0,0
2016-02-26,1.3571797828766852,3.138230007555573,13.310567860977452,0.44365133017855013,0.4962420964727403,2.892962182367678,0.15075913627868134,0.2978049071459816,17.591987513421085,0.34986000097206205,25146.999999999996,39,27,33,0,0,0,0
2016-02-27,1.3855805892547661,3.27690294627383,13.300431195840554,0.24876949740034665,0.49623916811091856,2.89356568457539,0.13175147313691507,0.2977227036395147,17.36847972270364,0.35185561332563065,28850,41,26,33.5,0,0,0,0
2016-02-28,1.3816336145971646,3.463419711311946,13.6048006167816,0.2427292585771191,0.4959737867820277,2.9350293399580245,0.13914121728701762,0.2976228209191759,17.715297040304964,0.3417854780295351,23347.000000000004,60,38,49,0,0,0,0
2016-02-29,1.3425650244368295,3.2417594517161956,13.339589348912982,0.38641087579349476,0.4957305769338801,2.9098269760125834,0.17886916465367114,0.29753946407505194,17.607966406381664,0.3186377325868085,17801,61,47,54,0.05,0.05,0,0
2016-03-01,1.3204197834096238,3.1588070782628113,13.178361616612705,0.4118287373004354,0.49581333035614605,2.869783409623758,0.149845372334487,0.2974879982136876,17.40312046444122,0.3366887629786759,17914,52,39,45.5,0,0,0,0
2016-03-02,1.3513115237253168,3.004375675410158,12.782973769525494,0.41998231653404067,0.49587385794282346,2.857134787307201,0.15180273111307593,0.2975537872089596,17.005321249631596,0.31241994684044494,20358,55,29,42,0.14,0.14,0,0
2016-03-03,1.3513525638149926,3.1470189762684493,13.193678614687542,0.42097707594993494,0.4961195101161904,2.9092055089498006,0.16636893813646764,0.29777937284105693,17.484129020680992,0.33700090719224,22290.999999999996,36,26,31,0,0,0,0
2016-03-04,1.352781930583054,3.1433892278475897,13.175837003515294,0.44270475574770696,0.49618166390561236,2.9429435532748798,0.1690625883874096,0.2978423370641238,17.524571901895026,0.3394831665476944,24749,39,30,34.5,0.51,0.11,0.4,0.01
2016-03-05,1.3826883147826678,3.2779059872698184,13.22409850573539,0.2483917083631165,0.49603458252493277,2.850223629122843,0.1325484189386977,0.29767180639232105,17.248968651077302,0.33533463055621743,29379,41,28,34.5,0,0,0,0
2016-03-06,1.3784299276084788,3.4028566474489574,13.464903550218908,0.23310503272790323,0.4960553123238979,2.924726256014565,0.13278772378516623,0.2975811695348736,17.549159044605315,0.33751629170459635,23069,44,32,38,0,0,0,0
2016-03-07,1.34112348609336,3.2235104375874872,13.38142657172418,0.38806706834641835,0.4946138396932627,2.959763252388777,0.17237599659180816,0.29691436918020814,17.693161097924655,0.3234256723402241,16431.000000000004,60,36,48,0,0,0,0
2016-03-08,1.3256278538812785,3.138473173515982,13.266964041095891,0.4131563926940639,0.4956335616438356,2.9012939497716896,0.15776997716894978,0.2973972602739726,17.5322151826484,0.3266435660832065,17520,67,47,57,0,0,0,0
2016-03-09,1.3402421730118905,3.260436347769172,13.72047289189484,0.41281226137231375,0.49560270535616885,2.992644812915894,0.1884586015053998,0.2974473655503436,18.10743863859496,0.33752052955650097,18334,77,44,60.5,0,0,0,0
2016-03-10,1.3445440220602718,3.324519893637975,13.792168111089225,0.42249359858183966,0.49561749064408117,3.038442978136695,0.19948197754579475,0.2975329919243648,18.245737147922,0.32626572998052217,20307.999999999996,79,63,71,0,0,0,0
2016-03-11,1.3459264539393685,3.3344437921925447,13.855859365172543,0.44310033963688206,0.4956601953960334,3.0349742127552517,0.2018051071323745,0.2977483332634492,18.329147553356535,0.33700921538755413,23849.000000000004,68,48,58,0.06,0.06,0,0
2016-03-12,1.3850901858583087,3.4704450997873946,13.874112200809272,0.2442390782525204,0.495987929497291,2.993702420958782,0.16119882038268982,0.297777930183115,18.06701838008367,0.34819886419922425,29162.000000000004,59,40,49.5,0,0,0,0
2016-03-13,1.3838070860837937,3.573720867573757,13.86646369392429,0.23831335039741344,0.4964075620818178,2.9941964165431765,0.15375544478871975,0.2979118954600566,18.047048363195472,0.3460686629644598,22269,62,50,56,0.01,0.01,0,0
2016-03-14,1.3315589754400758,3.063837356382418,13.001972699483504,0.40010013702961944,0.49517761146832506,2.8202376936860967,0.1708653947507115,0.29720143354063455,17.18555496995889,0.32623244673998336,18974,51,40,45.5,0.29,0.29,0,0
2016-03-15,1.327989923856415,3.175569359363371,13.344230262781245,0.3945726226598729,0.49504780443121316,2.9412406251789087,0.16721016774489036,0.2971317341272113,17.63943321692334,0.35700726131180704,17467,57,44,50.5,0,0,0,0
2016-03-16,1.3342444559051057,3.1987065497679215,13.497381124290872,0.4214801444043321,0.49528107271789584,2.943882929345023,0.17438628158844766,0.29724600309437854,17.82965755544095,0.35419454472523065,19390,65,48,56.5,0.02,0.02,0,0
2016-03-17,1.3368176538908245,3.2033277584204414,13.481400696864112,0.4255052264808362,0.49556329849012776,2.984066898954704,0.16921207897793264,0.2972822299651568,17.85303042973287,0.3527552458381727,21525,63,45,54,0.01,0.01,0,0
2016-03-18,1.3480465502909393,3.2325054031587697,13.647551122194514,0.43173316708229426,0.4953865336658354,3.0157477140482127,0.16278345802161262,0.29731920199501244,18.05052119700748,0.3658905283088575,24060,57,42,49.5,0,0,0,0
2016-03-19,1.3822656222055298,3.3506202382229855,13.493377687162427,0.2506885574274779,0.49645884751582786,2.9870104088421505,0.14163644167829165,0.2979718853954287,17.667143828021604,0.3554923930798488,27957,46,36,41,0,0,0,0
2016-03-20,1.3981815967853228,3.3956155376060395,13.383944067865405,0.23765068798960914,0.49525104517595486,2.944792791330113,0.13183626253196412,0.29718715752729635,17.490662012420344,0.3310541507127942,24637,43,32,37.5,0.08,0.07,0.01,0
2016-03-21,1.3461993843239404,3.1879469571394745,12.960464717025811,0.39696305943641963,0.49567842765806297,2.859102533743784,0.17685946009945536,0.2974248164811745,17.186493014444707,0.30413412331938855,16892,50,32,41,0.56,0.06,0.5,0.01
2016-03-22,1.3278244527968164,3.15561795268627,13.308101370771611,0.4001492372319257,0.4957439752376741,2.9349447269511386,0.1596611762104798,0.29754587663055493,17.596146363033384,0.3315702612572776,18092,56,35,45.5,0,0,0,0
2016-03-23,1.3284466961302146,3.2020222054543495,13.401677266357659,0.4020426862132155,0.4955804678236499,2.944443785706586,0.17832327260967987,0.2975099708957637,17.719577449606554,0.35425510222413853,18554,71,48,59.5,0,0,0,0
2016-03-24,1.3271032393381497,3.2709247261710557,13.815064553717082,0.42948030762060124,0.4961547424842694,2.9752342111395946,0.18144068981589373,0.2977347937543696,18.19510929853181,0.36004501670162353,21455,55,44,49.5,0,0,0,0
2016-03-25,1.3620463093026418,3.3329534641352123,13.4406225927772,0.4401422810276859,0.49626172459105533,2.9954796320630748,0.16767365988490643,0.2978657845847116,17.838045674928633,0.3218861046918503,22069.000000000004,72,44,58,0.04,0.04,0,0
2016-03-26,1.3925322574506147,3.283280173562212,13.200874281581852,0.26211319605678834,0.49617478019259315,2.896930689300803,0.13080158337456704,0.29776196094850227,17.284656491455106,0.33709382678457395,26273,55,38,46.5,0,0,0,0
2016-03-27,1.3907916647913947,3.4488739367208243,13.46507538593096,0.24512804356631712,0.49576938656105135,2.9007340564381834,0.1387452180566182,0.29742112606327914,17.54287321661641,0.3517076351070905,22219,55,43,49,0,0,0,0
2016-03-28,1.3506377398974847,3.2294588151150316,13.385449398021219,0.38785910120395756,0.4958576707593277,2.9635510787936585,0.1871867922279175,0.29767552747645726,17.717579568482538,0.3199176666534218,16778,62,42,52,0.38,0.38,0,0
2016-03-29,1.340476711130549,3.085370107150667,13.022373168598294,0.41083533785261317,0.49584517821998686,2.880047015088563,0.16990104963918654,0.29765471244259784,17.27665646184124,0.3360460553490293,18292,53,40,46.5,0,0,0,0
2016-03-30,1.3347714432460196,3.143034411915768,13.25420390344119,0.41908063687724706,0.496045197740113,2.9061376476630714,0.1689049820236261,0.29781201848998456,17.542184386235235,0.3307701021514581,19470,56,37,46.5,0,0,0,0
2016-03-31,1.3549329501915708,3.2761455938697317,13.733598659003832,0.41630747126436785,0.4954741379310345,3.0169607279693484,0.1772595785440613,0.2975862068965517,18.137186781609195,0.34397634631758195,20880,73,49,61,0,0,0,0
2016-04-01,1.3494707544384936,3.2668797705899717,13.81657445283178,0.44462952810694556,0.49531902332054145,3.0185619702273017,0.17713870029097964,0.29735588074052205,18.24957955551807,0.35922693599853806,23713,79,61,70,0.02,0.02,0,0
2016-04-02,1.3976841889537863,3.3093954298596167,13.448392253304641,0.25019639990436177,0.4961232366704239,2.8754110735389555,0.15368343751067393,0.29759196638999896,17.521398367319055,0.37501372901746916,29277,61,49,55,0.16,0.16,0,0
2016-04-03,1.37949416810293,3.342290272155197,13.27169786364183,0.24016994669125016,0.495430678584312,2.850703835825083,0.1430065333279891,0.2973906769810413,17.298399535051505,0.3230632601618413,24949.000000000004,50,34,42,0.09999999999999999,0.09,0.01,0
2016-04-04,1.362108952223883,3.0313822604751843,12.9474060712261,0.4055558418801216,0.49569654177189093,2.8352955728495592,0.18102716074833788,0.29747977116940677,17.162460959645415,0.3377481002365041,19403,45,29,37,0.48,0.47,0.01,0
2016-04-05,1.3521230951324161,3.1181969719386498,13.664743305222666,0.41988459831336,0.49561079055087043,3.0080130196774673,0.1613251467179563,0.29749963012279923,18.047076490605118,0.3694120048440214,20276.999999999996,43,26,34.5,0,0,0,0
2016-04-06,1.3548840477863668,3.100122477662885,13.370834755546632,0.41988756148981027,0.4950306194157213,2.9161976709165747,0.1678049392631262,0.2972291938560385,17.66913813874109,0.3298889558165735,19922,48,30,39,0,0,0,0
2016-04-07,1.360100317039701,3.1758694932096723,13.467718733733971,0.40926513036483225,0.49574125774854494,2.9783409832962664,0.17302512657928357,0.2974731462641366,17.821564377987034,0.348241008007487,21133,58,48,53,0.09,0.09,0,0
2016-04-08,1.3524375743162902,3.2548913991280224,13.863989298454221,0.43670233848592943,0.4955608402695204,3.0018779231074117,0.17310265556876733,0.2975148632580262,18.268747919143877,0.36176658079006474,25230.000000000004,50,40,45,0.01,0.01,0,0
2016-04-09,1.403603890926487,3.2419891564343803,13.148885664168395,0.24055174613299316,0.4965236804337426,2.828435018338383,0.1318424493701164,0.2979716153723489,17.144210173815978,0.33444585304488034,31355,43,36,39.5,0.12,0.11,0.01,0
2016-04-10,1.3822985362715137,3.5447583239504583,13.971519623612675,0.24042946758886924,0.4961999356602863,2.987147337944346,0.1440139938877272,0.2977320250924883,18.137042383786394,0.3568888397404965,24868.000000000004,50,31,40.5,0,0,0,0
2016-04-11,1.357288596690093,3.2955089548855137,13.622936408977557,0.3982656993878939,0.49515416005440943,2.982420652913172,0.18278621627748812,0.2971775107685332,17.978740648379052,0.32710624008161415,17644,65,43,54,0.01,0.01,0,0
2016-04-12,1.343293037005754,3.0943139946154252,13.345767301905717,0.3938394129757694,0.4965686533284063,2.9191152404582166,0.16934857203188514,0.29802037692023436,17.622659557620228,0.34474691618715797,18943.000000000004,59,45,52,0.2,0.2,0,0
2016-04-13,1.357270819470748,3.132466089983109,13.443689921687055,0.4146235348313457,0.4956492808517173,2.918888263295286,0.164209960587603,0.2974202794697241,17.734481240722733,0.33674215022208576,19537,58,40,49,0,0,0,0
2016-04-14,1.3448709587254262,3.189829497810491,13.556376129693469,0.42441535451411533,0.49604024969719557,2.960679679493152,0.18019379483834902,0.2978058324792695,17.91551104071555,0.3541958083584376,21466,62,43,52.5,0,0,0,0
2016-04-15,1.3513076518856866,3.238661627389951,13.806137273131492,0.43738631310885645,0.49587695541452764,3.0085941226403654,0.1686539472088605,0.2977323254779902,18.214380936982092,0.35101379513229225,24739,65,42,53.5,0,0,0,0
2016-04-16,1.394691078518227,3.3888939200052497,13.84195918233422,0.2501230436066542,0.49606260458706564,2.9629943892115365,0.15928044098828625,0.2978541194999508,18.008273780227714,0.3574955795445017,30477,68,43,55.5,0,0,0,0
2016-04-17,1.409468438538206,3.561670226230027,14.105954358487582,0.24086378737541528,0.495530770447714,3.0152732953646573,0.16294019933554818,0.29748457522543903,18.318046986236354,0.35900392650600293,25284,75,44,59.5,0,0,0,0
2016-04-18,1.3416720370261879,3.4492372136621947,14.150456382916397,0.3980315191282442,0.4951959693010721,3.06394164860273,0.2221793895365868,0.29741636885582046,18.62722127834085,0.33015819777244,17069,82,51,66.5,0,0,0,0
2016-04-19,1.3405278461194363,3.1719671214493403,13.622404383806755,0.40306978304629837,0.4954708118989041,2.9591165287407737,0.1717490494296578,0.2973831357638112,17.9491936926862,0.34328218581475684,17884,73,55,64,0,0,0,0
2016-04-20,1.3391984359726294,3.1643643566393993,13.585535833719195,0.4171682872871328,0.4955497247517621,2.9862782322374852,0.1688362401605186,0.29737613829294646,17.95074445644904,0.3362926806262969,19437,69,49,59,0,0,0,0
2016-04-21,1.3522561863173217,3.276057738961669,14.076924793789422,0.40921882581271224,0.4954876273653566,3.0836424065987385,0.1966016496846191,0.2975109170305677,18.559386220281418,0.32967681546175,20610,73,49,61,0,0,0,0
2016-04-22,1.3657385146653844,3.3311120339205313,14.116689251213009,0.43078200813043666,0.4954102373562967,3.0960020981772085,0.2001744109804607,0.297573982602614,18.636631988460024,0.36345745120038075,22877.000000000004,79,62,70.5,0.01,0.01,0,0
2016-04-23,1.415832575068244,3.4185226569608735,13.765406369426751,0.26124949954504095,0.49592356687898087,2.9629426751592356,0.16001929026387626,0.2976414922656961,17.943182893539582,0.3491054797290466,27475.000000000004,71,54,62.5,0.16,0.16,0,0
2016-04-24,1.4174179355562266,3.4992218435922875,13.671253504723289,0.25490661260406333,0.4957080619419402,2.9485545442781347,0.1515205107190614,0.2975413018159858,17.819484536082474,0.3442842096938849,23183,68,47,57.5,0,0,0,0
2016-04-25,1.3489340229595055,3.429216601488583,13.793727765863505,0.39417497161599596,0.495206257096001,3.06736217989151,0.19971552920398636,0.2973319036205374,18.247518607291536,0.33190022146531545,15854,69,50,59.5,0,0,0,0
2016-04-26,1.3474861548485177,3.1162096861765662,12.822101748289716,0.4324302312954718,0.49609078075795415,2.8558442827668586,0.1599163861439896,0.2978987946574004,17.06428222391139,0.29610758195485093,18418,60,47,53.5,0.24,0.24,0,0
2016-04-27,1.3510661210424295,3.21154426017661,13.303372280852896,0.4097835451216886,0.4958539737238854,2.8903386818867114,0.1810311221193194,0.2975608442817144,17.577940447986215,0.3375135957355158,18572,62,46,54,0,0,0,0
2016-04-28,1.3409169764560098,3.2243320941759603,13.257468153655514,0.435910780669145,0.4964064436183395,2.9185903345724906,0.18576604708798017,0.2979628252788104,17.59210458488228,0.33110711827068706,20175,59,48,53.5,0,0,0,0
2016-04-29,1.3552149008942185,3.173764783450777,13.142484443895002,0.4527547698520625,0.4967239460996415,2.915234680842296,0.1627316932459719,0.29813326740017304,17.468062801335147,0.3444412393602652,24267,58,45,51.5,0.05,0.05,0,0
2016-04-30,1.4152536283948842,3.4634017100158068,13.991679479810317,0.25093404224744936,0.49619198160655265,2.981472912774824,0.15471008765627245,0.2978660727115965,18.172854576807012,0.35071582962111414,27836,65,46,55.5,0,0,0,0
2016-05-01,1.3810333106730115,3.4244739972807614,13.54543507817811,0.22937202583276683,0.4956449694085656,2.9100854010876955,0.146493456832087,0.2974762066621346,17.62450713800136,0.3486919093209457,23536,51,45,48,0.16,0.16,0,0
2016-05-02,1.3352069793313426,3.302748989987704,13.570622987294339,0.3837168452485508,0.4958135722231981,2.974163007201827,0.1895473973886059,0.2974178816089935,17.911281690965513,0.3488182530853355,17078.999999999996,60,45,52.5,0.04,0.04,0,0
2016-05-03,1.370252669966137,3.0884938786142224,13.358126074498568,0.3924459494660068,0.49588434488147953,2.9543250846574627,0.17470539202917426,0.2978588174003647,17.673345662933055,0.34133823912477207,19195,56,51,53.5,0.61,0.61,0,0
2016-05-04,1.3421246500663033,3.062694857816414,13.423554835224204,0.41933107411227344,0.49607091989587937,2.965382839742645,0.1913221354550366,0.2977014881390894,17.79336329256913,0.37785891055340004,20361,52,48,50,0.01,0.01,0,0
2016-05-05,1.3480144726850405,3.1991713941126547,13.825083307276545,0.42444275695716266,0.49591280653950953,3.0282248626434987,0.17867825077053648,0.2976682896323759,18.250010273819626,0.3905987353771782,22386.999999999996,57,46,51.5,0,0,0,0
2016-05-06,1.3557967967585336,3.2188119720194184,13.87307289476702,0.441317227934712,0.49577615534574365,2.989201483123734,0.19599021444134399,0.2975459653682963,18.29290394098085,0.38657011709542194,26161,54,48,51,0.54,0.54,0,0
2016-05-07,1.3775059806597256,3.4457576063883555,13.916342194817885,0.23318946056133966,0.49658007345260957,3.0281582937430507,0.16656423733953302,0.2979480440715657,18.138782303985984,0.3815768631767318,29679,60,48,54,0,0,0,0
2016-05-08,1.366621983914209,3.557732908847185,13.962667141420912,0.23818699731903487,0.4961042225201072,3.0342702747989274,0.17269772117962467,0.29781333780160857,18.201739695040214,0.37200958351951147,23872.000000000004,66,49,57.5,0.16,0.16,0,0
2016-05-09,1.3257164262970593,3.360890304051945,14.027678716363864,0.3910220390834738,0.49484922270088033,3.0863669850783544,0.21404570144221766,0.2969282637197977,18.510890928388587,0.34992145498185956,16016.999999999998,72,52,62,0,0,0,0
2016-05-10,1.3399838075410595,3.1597918112421928,13.470224381216747,0.41406430719407816,0.4956338191071015,2.9698612074947954,0.17794876243349525,0.2974149895905621,17.82514746703678,0.34547396676690567,17291.999999999996,63,50,56.5,0,0,0,0
2016-05-11,1.3318994043679682,3.2322512684756233,13.787068166776969,0.40960732406794614,0.4954776086476947,3.0109425325391572,0.1817096845356276,0.29718729318332227,18.18199260975072,0.35006291822928154,18132,76,50,63,0,0,0,0
2016-05-12,1.3428446855924814,3.3019135742660595,14.232960468946807,0.4247650421470788,0.49513128572812715,3.09876707683364,0.20606869489390564,0.2971514388140684,18.754844007363626,0.39214461615476537,20642,80,56,68,0,0,0,0
2016-05-13,1.3623415761879205,3.2329183007885067,14.107027618379226,0.4485819262684226,0.49578912603723735,3.083797630351319,0.1888861825537712,0.29751063039260206,18.621593113982577,0.3927109450613971,24223.000000000004,65,57,61,0.25,0.25,0,0
2016-05-14,1.4008418167580265,3.5001331245105716,14.35113286348212,0.23500717828243278,0.49642717306186374,3.0585421560950143,0.14848016183764032,0.29804228660924037,18.587631819368312,0.38184265241161286,30648,73,56,64.5,0,0,0,0
2016-05-15,1.383850545694644,3.5103740241581542,13.987296384044743,0.23393016662135394,0.49599953392628265,2.9763145220802425,0.14451159358371848,0.29766963141336855,18.13572183166971,0.3923035693478852,25747,59,46,52.5,0,0,0,0
2016-05-16,1.342875281352802,3.355818664512033,13.952519766837883,0.39366306919836097,0.4944018006579327,3.0951497662607492,0.20558723379696428,0.296796906562013,18.4381185433139,0.39043033351929873,17327,66,43,54.5,0,0,0,0
2016-05-17,1.3667165179722551,3.3879964932185036,14.313702232994688,0.41857047083698623,0.4953844567067196,3.120285183848177,0.19265741838997472,0.2971223763601671,18.837722139136712,0.37707775371163027,19391,64,52,58,0,0,0,0
2016-05-18,1.358320478210567,3.324547821056691,14.30756700732742,0.42446008484381026,0.49607115310451216,3.220269475510991,0.21728017740069416,0.2975269957578095,18.963174893945236,0.3788569787247718,20744,68,52,60,0.01,0.01,0,0
2016-05-19,1.3608185789836744,3.468563347896068,14.670941365831226,0.42069441250862266,0.49609105541503795,3.2483196137043,0.19868521499195219,0.297530466773971,19.33226212922511,0.40285596944380575,21745.000000000004,73,54,63.5,0,0,0,0
2016-05-20,1.3597137533875339,3.391650575880759,14.500120257452574,0.43572154471544716,0.4964642615176152,3.178800389566396,0.1925245596205962,0.29785315040650406,19.10148416327913,0.395633751129178,23616,76,53,64.5,0,0,0,0
2016-05-21,1.3782485606132902,3.5022441708814456,14.375683112256258,0.23445303305022744,0.4965645576868022,3.098878391704043,0.15816108407290771,0.2976906193339059,18.661430798104146,0.3838701300307847,31437,66,54,60,0.04,0.04,0,0
2016-05-22,1.389228987425546,3.6242025148908006,14.138460043017869,0.2310762739907346,0.49613252812706815,3.0176509761747186,0.15923022832561218,0.2975057908669755,18.340055840502977,0.3767777272225899,24176,70,52,61,0.09,0.09,0,0
2016-05-23,1.3198615745890496,3.355535780496848,13.806326164874552,0.4077987887776542,0.49542701767395875,3.104207143739958,0.21154183660857742,0.2972376714868372,18.322538623161538,0.3633503446902594,16182,78,56,67,0.02,0.02,0,0
2016-05-24,1.3496223650095818,3.1749864727764625,13.661890993123661,0.40725397362191407,0.49580092436027506,3.0569918836658774,0.18294329838800585,0.297598917822117,18.102479990981852,0.3773772686281141,17742,73,58,65.5,0.18,0.18,0,0
2016-05-25,1.343281225327649,3.2880383178062003,14.06297699878941,0.42239065213958626,0.4959997894626033,3.1948370966892994,0.19529343649665773,0.2975051318490447,18.6690031054266,0.3656254422747396,18999,88,61,74.5,0,0,0,0
2016-05-26,1.3494708733063001,3.2887760854514885,14.232338542181783,0.42028483829492636,0.49577193155968746,3.1115156759964395,0.1753896746118089,0.29759667688655916,18.732897339531203,0.3954601149463181,20222,90,69,79.5,0,0,0,0
2016-05-27,1.3496292227410052,3.3809740913668405,14.04604275382221,0.42186212578961824,0.4957658152522201,3.11975281516067,0.1908784216790259,0.29752815160670143,18.571830083310445,0.35908917981425537,21846,87,73,80,0,0,0,0
2016-05-28,1.396473092125266,3.5275507101594057,13.78431134083308,0.24525474525474525,0.49578682187377837,3.0304508534943317,0.15738609216870086,0.29761542805021063,18.01080528167485,0.35131482044525525,23022.999999999996,92,71,81.5,0,0,0,0
2016-05-29,1.3968191827746512,3.6383905064839737,14.035640322975288,0.2552483484218253,0.49554685588451186,3.035280645950575,0.14807633961340838,0.29725471005627596,18.267047222901883,0.3828975341869886,20435,87,70,78.5,0.01,0.01,0,0
2016-05-30,1.384380160234848,3.452890954681671,13.321207877194055,0.2273561250076448,0.49562717876582474,2.9893896397773836,0.15189835484068254,0.29741300226285855,17.48289217784845,0.34250307490537446,16351.000000000002,82,68,75,1.65,1.65,0,0
2016-05-31,1.3378696028702215,3.316922553507361,13.903495608066311,0.3895521464802672,0.49529877520722504,3.068562414944946,0.21063961400470124,0.2973091673883459,18.3648577260918,0.35595357884173917,16166,85,71,78,0,0,0,0
2016-06-01,1.3266260282890454,3.238244066994141,14.036584600816713,0.41323903651535776,0.49644907380008285,3.169344262295082,0.18754512635379061,0.29772740723205304,18.60088950701308,0.38040326027631466,16897,83,66,74.5,0,0,0,0
2016-06-02,1.3441828976148318,3.201727424226643,13.94503020518696,0.4194094365170295,0.4960420789501094,3.0595943130923864,0.17537131548797,0.29765649411519635,18.39310384334965,0.38774237926604865,19202,78,62,70,0,0,0,0
2016-06-03,1.3475164835164835,3.3431648351648353,14.236223296703297,0.4198461538461538,0.49624175824175826,3.1653292307692307,0.21075516483516482,0.29786373626373625,18.82625934065934,0.37058761904761905,22750.000000000004,70,63,66.5,0.04,0.04,0,0
2016-06-04,1.3935202159928002,3.5235548815039497,14.30335555481484,0.2416752774907503,0.4965501149961668,3.0818682710576315,0.16671277624079198,0.2979100696643445,18.588072064264523,0.39027772222407403,30001,83,66,74.5,0.4,0.4,0,0
2016-06-05,1.3893427171044364,3.5148648988312177,13.810277323949562,0.221754430061581,0.4964810858363705,2.946540991160823,0.1537987516233086,0.2979640568053286,17.926816639436975,0.3836971057396469,23871,71,65,68,0.91,0.91,0,0
2016-06-06,1.3235386648209904,3.4262455168942303,14.17976090102561,0.3971559806203989,0.495312401686277,3.2279588498080916,0.21120430378153904,0.2971685647769458,18.808561001698862,0.3590343232869817,15893,83,65,74,0,0,0,0
2016-06-07,1.3599019373355656,3.1859812245874193,13.8171537909591,0.4140456828509926,0.49551542693135614,3.0691682611815354,0.16734752451566612,0.29702224348242046,18.315404209519254,0.35153872345797127,16724,85,64,74.5,0.01,0.01,0,0
2016-06-08,1.348729446935725,3.1627259591429997,13.992536123567513,0.39008470353761837,0.4958146487294469,3.188155455904335,0.18650224215246639,0.2974439461883408,18.623601395117092,0.3687483114654266,20070,67,52,59.5,0.45,0.45,0,0
2016-06-09,1.341730161198362,3.318915668895454,14.210080340019696,0.414191675737314,0.4955683408490126,3.1132597315088373,0.19865236095993366,0.29724770642201837,18.779031254859277,0.3802160253862944,19293,71,54,62.5,0,0,0,0
2016-06-10,1.3429790826376513,3.3159459712972517,14.21377685020167,0.43206547228214987,0.495990057217897,3.173542350623769,0.17408685864365445,0.297537754432042,18.82989166119501,0.390893169808961,21322,77,57,67,0,0,0,0
2016-06-11,1.3935886368986894,3.4259558188809542,13.834708467393863,0.2304206230871851,0.4960174213293573,3.013462293023621,0.13718629835988386,0.2973750294279212,18.070992309503257,0.3564390144480194,25486,88,59,73.5,0,0,0,0
2016-06-12,1.387202424597937,3.5215486141663,13.813624187319745,0.23703377816884197,0.4957716185168891,2.9815231949943786,0.13528327711785698,0.2973016571344772,18.027263039546366,0.38799193973266416,20456.999999999996,83,62,72.5,0,0,0,0
2016-06-13,1.3392471358428806,3.278407201309329,13.393436988543371,0.40085106382978725,0.4955810147299509,2.9941852700491,0.17424615384615386,0.29723076923076924,17.821403600654666,0.3491452082196763,15275,74,57,65.5,0,0,0,0
2016-06-14,1.3549336338592537,3.3131173303280743,14.078859879789633,0.4110631104432757,0.49561733032807415,3.2630979213623843,0.1873503631354871,0.29740796393688956,18.79883608815427,0.3750397918579737,15971.999999999998,79,58,68.5,0,0,0,0
2016-06-15,1.3452308034968539,3.2925524806503703,14.155445180689348,0.41653210089648646,0.4954618854056462,3.159406982571413,0.18581602539116876,0.29731054067598417,18.773383818698147,0.36599035766653676,17959,85,62,73.5,0,0,0,0
2016-06-16,1.3669863705199394,3.3654492680464414,14.429581019687026,0.4117112569409389,0.49575971731448765,3.2708909641595154,0.18596617869762747,0.2975012619888945,19.158838465421503,0.39237753098883843,19810,74,65,69.5,0.22,0.22,0,0
2016-06-17,1.3703549831509947,3.390221114342427,14.238265244887597,0.4375432765544939,0.49561464247795783,3.1024968840880764,0.1888801181738448,0.29753496745603103,18.82451599501454,0.37401592320751714,21663,78,63,70.5,0,0,0,0
2016-06-18,1.3935564396598799,3.4982346516888994,14.101550432951088,0.23100475856151026,0.49570949372025896,3.052162805211015,0.14982603947265777,0.2974725017552071,18.39055074498791,0.39086567464960864,25638.000000000004,87,61,74,0,0,0,0
2016-06-19,1.3948612346141245,3.553448776150138,13.881932887162447,0.23056582580614968,0.49656011606683204,2.988015163569991,0.15270042589039173,0.2979220292975148,18.119428558056818,0.37341423430731707,21367,88,66,77,0,0,0,0
2016-06-20,1.3149668352268995,3.3411801405398305,13.7880291587312,0.39052341235962434,0.4948446837853812,3.0824213568004204,0.19611742299862087,0.29716293426150914,18.32299074013266,0.35037705318768564,15227,84,64,74,0,0,0,0
2016-06-21,1.3451894332255505,3.2985016167408943,13.900014032090782,0.4018973827100238,0.49563785003965594,3.1278713928375326,0.1963882618510158,0.29718138002562383,18.485374290769325,0.3527963855503359,16391.000000000004,87,72,79.5,0.01,0.01,0,0
2016-06-22,1.344731977818854,3.2454442005545285,13.928799676524953,0.41407694085027724,0.49563886321626616,3.1680395101663588,0.17555683918669132,0.29734865988909426,18.54332659426987,0.357727202711029,17312,86,68,77,0,0,0,0
2016-06-23,1.3566310104891475,3.256750441375013,13.826466922837263,0.4333004465676602,0.49553432339806835,3.0676638280195245,0.16576747325786687,0.29727386021393704,18.346355800186934,0.35354463080278326,19258,83,69,76,0,0,0,0
2016-06-24,1.3620985418850662,3.348381301820261,14.202530258267416,0.43193081101686837,0.49537787096159347,3.116465739064138,0.19453445153912133,0.29736967502144285,18.802230058133993,0.37479486324216144,20986,84,67,75.5,0,0,0,0
2016-06-25,1.3790712170796322,3.5239317438055164,14.195122720897615,0.2382148979273804,0.4962209755337385,3.0692266635499457,0.14968910705937355,0.29776764843384756,18.508841358890447,0.37479283543712016,25668,86,64,75,0,0,0,0
2016-06-26,1.3808196140909896,3.6519406089573376,14.174053814834483,0.23057178261639227,0.4960612497787219,3.0743025314214907,0.16518366082492478,0.2977695167286245,18.501717118073994,0.37402908085993586,22596,87,67,77,0,0,0,0
2016-06-27,1.3424563591022445,3.334572319201995,13.735407730673316,0.40321072319201995,0.4956670822942643,3.0953703241895263,0.19718266832917705,0.29771820448877806,18.299930798004986,0.36335160362981433,16039.999999999998,83,67,75,0.45,0.45,0,0
2016-06-28,1.3537854787612336,3.2515090192021723,13.740421542639167,0.3993340660761621,0.4950216590159695,3.037448761880132,0.19977888407577424,0.2971681644792138,18.242296502230555,0.3578015739603313,15467,76,68,72,0.12,0.12,0,0
2016-06-29,1.3393036072144289,3.302758642284569,13.849058116232465,0.41620741482965934,0.49552229458917835,3.0187932114228455,0.19705160320641282,0.2975576152304609,18.339401928857715,0.3402481351592073,15968,83,67,75,0.01,0.01,0,0
2016-06-30,1.355230334275736,3.4774865569044846,14.767749875270248,0.4289594766893952,0.4945950440711791,3.2170785520261655,0.2162359332557237,0.2970064859471146,19.48032318864682,0.3810143762588466,18039,85,67,76,0,0,0,0
2016-07-01,1.3396802019776983,3.3845944666526404,14.010385019987377,0.4444561329686514,0.4949505575426047,3.0950683778666104,0.22825268251630548,0.29722280664843254,18.645004207868716,0.35110750227926224,19012.000000000004,79,66,72.5,0.83,0.83,0,0
2016-07-02,1.3723816029143898,3.664200819672131,14.035820241347905,0.22435678506375228,0.49516165755919855,3.0462112932604737,0.17999943078324226,0.29737021857923496,18.337970173041896,0.32727500126492615,17568,76,63,69.5,0,0,0,0
2016-07-03,1.3866394175501342,3.574973815302082,13.683453186869333,0.2446991952995274,0.49476306041640056,2.955268872142036,0.14650530080470048,0.2970302720653979,17.87975411930004,0.32557127347043047,15657.999999999998,78,64,71,0,0,0,0
2016-07-04,1.3878171329322002,3.497151541467651,13.894814217480306,0.24750325662179765,0.49531666770051486,3.008890267353142,0.14977420755536258,0.2972458284225544,18.18716766949941,0.37442812687384985,16121,84,66,75,0.49,0.49,0,0
2016-07-05,1.3434646218194493,3.3505151620773788,13.515323806204252,0.41153712094806555,0.4951551063088184,2.9522676890902755,0.17842732659463229,0.2970303241547577,17.9269529452771,0.3348887727043879,14344.999999999998,86,69,77.5,0.66,0.66,0,0
2016-07-06,1.2901625320786998,3.2763284858853723,13.378715141146278,0.4136869118905047,0.4957228400342173,2.919175363558597,0.1954764756201882,0.2973310521813516,17.78684858853721,0.3135922203212622,11689.999999999998,91,75,83,0,0,0,0
2016-07-07,1.3321934538348803,3.2646104054714216,13.589662310698584,0.4222948216902785,0.49618343917928676,2.9685875671714705,0.18584025403028823,0.29769174401563264,18.023013556424036,0.3489017634207241,16375.999999999998,89,77,83,0.04,0.04,0,0
2016-07-08,1.3529229498037596,3.2649390621772363,13.675232390002066,0.4542449907043999,0.4956104110720925,3.0249354472216483,0.18818890725056808,0.29745920264408177,18.19458221441851,0.34106289735821343,19364,86,67,76.5,0.08,0.08,0,0
2016-07-09,1.3674616695059625,3.381727853492334,13.490942930153322,0.2635008517887564,0.49601788756388415,2.902883304940375,0.15003364565587735,0.29758517887563884,17.662088160136285,0.32763685406019305,23480,72,65,68.5,0.53,0.53,0,0
2016-07-10,1.3837638376383763,3.537294141434565,13.71036192690694,0.2411161097912349,0.4958297528180761,2.9614259717939646,0.148480513572259,0.29763433250770865,17.915370267401304,0.34536578824692354,19783,80,66,73,0.01,0.01,0,0
2016-07-11,1.3285195936139333,3.364232220609579,13.775359941944847,0.4032656023222061,0.49484760522496374,3.0299847605224963,0.19280841799709725,0.2972133526850508,18.258432510885342,0.3396143767134333,13780.000000000002,81,65,73,0,0,0,0
2016-07-12,1.3226681505181888,3.3067955762676497,13.874904361132364,0.4085692425401683,0.49499200111288866,3.0534089170202408,0.1830166237740836,0.2968074007094665,18.37625999860889,0.34187519804007943,14377,82,68,75,0,0,0,0
2016-07-13,1.3439083232810616,3.2528468033775635,13.697184559710495,0.41824487334137517,0.49556694813027746,3.006338962605549,0.16386067551266587,0.29724969843184557,18.12814113389626,0.34616440490550865,16580,85,71,78,0,0,0,0
2016-07-14,1.3478951984213987,3.228117737338303,13.90681922823942,0.42254987941240957,0.496217934663451,3.0545181977636484,0.17172659504494628,0.29774720456040343,18.40586603814953,0.368422860483812,18244,88,73,80.5,0.62,0.62,0,0
2016-07-15,1.3670150420003908,3.397595233444032,14.362024321156476,0.4239841765969916,0.4949453018167611,3.133671127173276,0.19561535456143778,0.2972162531744481,18.97374633717523,0.37784617763886175,20476,88,79,83.5,0,0,0,0
2016-07-16,1.3934579819951933,3.4886345675994948,14.071154018493624,0.23937838608497292,0.49610982117397856,3.017264247016172,0.14869159639903867,0.29764145179029694,18.3364499572284,0.3887558443204294,24548.999999999996,90,75,82.5,0.01,0.01,0,0
2016-07-17,1.3799769186381996,3.5353341988844007,13.76179601846509,0.24206578188113098,0.4955760723216003,2.986048759376803,0.14361463743027506,0.2972302365839584,17.987893825735718,0.36506776142847985,20796.000000000004,89,75,82,0,0,0,0
2016-07-18,1.3673204312248344,3.3225931939212883,13.896723600467594,0.4082023639433693,0.49509676581374207,3.0217171061176775,0.1767917911417067,0.2970385764384985,18.365241589816858,0.3551516250306678,15398.000000000002,93,72,82.5,0.35,0.35,0,0
2016-07-19,1.3427427563276109,3.2893709710253103,13.97264640021714,0.41134559272579224,0.4950464816448395,3.064814412702721,0.1796552894076135,0.29710931668589263,18.481555947614847,0.32323884327429825,14737,83,73,78,0,0,0,0
2016-07-20,1.3550343461847887,3.3240027229407763,14.058685562225385,0.41515564081935763,0.4952039111331147,3.0834810322420942,0.19298780865152548,0.29727087072219816,18.6010712296553,0.32446007041139785,16159,85,68,76.5,0,0,0,0
2016-07-21,1.3703186917452699,3.323498353519004,14.259914606239883,0.4164480660824915,0.49586984428196684,3.1005118044315454,0.17927108332868227,0.2976558575654406,18.807739018808952,0.3677698554445499,17917,90,71,80.5,0,0,0,0
2016-07-22,1.3638623326959847,3.3563900573613767,13.948346080305928,0.4413718929254302,0.49603250478011474,3.063326481835564,0.21161567877629062,0.29776290630975144,18.517803059273422,0.34960903972806456,20920,94,74,84,0,0,0,0
2016-07-23,1.392798275643464,3.5325096149782342,13.945211106884747,0.24679852922530748,0.49602721778453995,3.0059803051434852,0.18446261780989814,0.29762900976290096,18.241545581336375,0.3394897369792767,23661,96,80,88,0,0,0,0
2016-07-24,1.4010705691695722,3.6130344251829296,14.007801404508177,0.2409762805087659,0.4954083386534401,2.9727014683494573,0.19907184599518735,0.297318666208319,18.275884201738446,0.35472767874194483,20363,94,75,84.5,0,0,0,0
2016-07-25,1.3447937131630647,3.242905206286837,13.53010068762279,0.44640225933202354,0.49616281925343814,2.9484325884086444,0.19092583497053045,0.29762401768172886,17.973956286836934,0.34464114685658154,16288,93,73,83,1,1,0,0
2016-07-26,1.3575086942775845,3.3838065128043,14.099019917799557,0.40654441985456846,0.4953525134366108,3.067743914005691,0.2103300663926652,0.2973632627252608,18.64616123932975,0.3297019355745249,15815,89,72,80.5,0,0,0,0
2016-07-27,1.362093604858878,3.3398124330117898,13.922860545432894,0.4107121591044421,0.4949684411099202,3.0146826247469334,0.20068774562343694,0.2971418363701322,18.401914374181256,0.3470158158336972,16794,91,74,82.5,0,0,0,0
2016-07-28,1.366748299319728,3.2781491156462583,13.971912925170068,0.42889795918367346,0.4955646258503401,3.0229572789115644,0.1702443537414966,0.2974204081632653,18.449781224489797,0.3574302343159486,18375,95,75,85,0.01,0.01,0,0
2016-07-29,1.3682467500370719,3.348712866393159,14.12540556571598,0.4277099500766151,0.4953042360733528,3.0568355494043793,0.2049097919035144,0.29731600019771637,18.670777519648066,0.3734045112286425,20231,85,69,77,1.09,1.09,0,0
2016-07-30,1.4086506622516557,3.3546672185430464,13.647899006622517,0.2418253311258278,0.4958195364238411,2.945519453642384,0.14623923841059602,0.2975413907284768,17.848415976821194,0.35972062408020605,24160,84,73,78.5,0.25,0.25,0,0
2016-07-31,1.4105306458247635,3.4643320649938296,13.631745680789798,0.24462669683257918,0.4951151789387084,2.938072295351707,0.16120577951460305,0.29722336487042367,17.840852529823117,0.3515505736093971,19448,78,71,74.5,1.08,1.08,0,0
2016-08-01,1.357922151052298,3.432948546491166,13.979337650454001,0.4033574998240304,0.4948264939818399,3.013246287041599,0.21240304075455763,0.2969803617934821,18.467523052016613,0.3264815075510507,14207.000000000002,80,69,74.5,0.01,0.01,0,0
2016-08-02,1.3499063169164882,3.410126472162741,14.057648554603855,0.41729122055674517,0.4952154710920771,3.0400495182012848,0.19247055674518201,0.29712928265524624,18.560501204496788,0.3501259702890792,14944,79,68,73.5,0,0,0,0
2016-08-03,1.352761310452418,3.3558340093603745,14.07068205928237,0.41956318252730107,0.4959126365054602,3.0918283931357253,0.16634633385335412,0.29752886115444616,18.602282683307333,0.35109388108857686,16025.000000000002,80,66,73,0,0,0,0
2016-08-04,1.3686174724342663,3.4182527565733674,14.129579869946282,0.4235510319479785,0.495787390443879,3.0780508905852417,0.1768651399491094,0.29742154368108564,18.66080633305061,0.3585098011497503,17685,81,67,74,0,0,0,0
2016-08-05,1.364963891248938,3.374612361937128,13.949779099405268,0.44488105352591334,0.4955660577740017,3.064853971962617,0.1813482370433305,0.29738742565845366,18.493164294817333,0.3368009829604456,18832,83,69,76,0,0,0,0
2016-08-06,1.4108847283406756,3.5055176211453745,13.954209342878121,0.25332690895741555,0.4954341042584435,2.9569140051395006,0.1439821953010279,0.2973155286343612,18.160515785609398,0.33856361661771905,21792,87,72,79.5,0.05,0.05,0,0
2016-08-07,1.3971126912303382,3.5745259642318468,13.854997306614953,0.25387847446670975,0.4953673777203189,2.9481103210514976,0.15583979745744453,0.297349709114415,18.067113768584356,0.3439575103545692,18564,86,70,78,0,0,0,0
2016-08-08,1.3444597912829956,3.401491712707182,13.863449969306323,0.40308471454880296,0.49505064456721914,2.995219459791283,0.18152087170042971,0.29714548802946594,18.30807704112953,0.3587473995634677,13032,86,71,78.5,0,0,0,0
2016-08-09,1.3598398564229999,3.3797176779181335,13.815752053565266,0.4169255194312142,0.49530613653620487,2.9843059294539933,0.21073100020708221,0.2972665148063781,18.285994339752882,0.32559353980196803,14487,87,71,79,0,0,0,0
2016-08-10,1.3651864573110892,3.2800159470068695,13.503250122669284,0.42618375858684987,0.4961972522080471,2.9605992394504415,0.19558697252208046,0.2978287536800785,17.943605863591756,0.3427459519136408,16304.000000000002,86,75,80.5,0.09,0.09,0,0
2016-08-11,1.357064321055525,3.28712864211105,13.848283122594832,0.4292468389224849,0.49593183067619573,3.0062056074766357,0.17637438152831225,0.29772402418911487,18.317138537658053,0.3383566825484088,18189.999999999996,91,74,82.5,0.15,0.15,0,0
2016-08-12,1.3625707758021257,3.3347099433793583,13.914573358498062,0.4344889242078077,0.495405781265521,3.010291049965233,0.2061646965332274,0.2973924704479984,18.430321346975266,0.3578086680352748,20134,93,73,83,0.32,0.32,0,0
2016-08-13,1.39646025395721,3.3720842755261784,13.620648808488433,0.2429987823969386,0.49582536093233603,2.9645886241085404,0.14733866759436423,0.2975995825360932,17.843086623760655,0.34647855424131735,22996,96,81,88.5,0,0,0,0
2016-08-14,1.3887823585810164,3.487653137317567,13.517921061041866,0.24081176094598913,0.49643123468626826,2.895728134654309,0.14442260573133056,0.29782678171939914,17.668109619686803,0.34013564859202444,18774,94,78,86,0.06,0.06,0,0
2016-08-15,1.3545209750566893,3.3690284863945577,13.688951955782313,0.39172335600907027,0.4948625283446712,3.0300694444444445,0.20033304988662132,0.29696003401360543,18.1853089569161,0.31916678476946336,14111.999999999998,92,77,84.5,0,0,0,0
2016-08-16,1.3789160295013194,3.2210846471344476,13.372533324311522,0.4107179105487516,0.4954665403613235,2.9479322010961497,0.18678462683537453,0.2973408214358211,17.76422288382164,0.32462920359970227,14779,87,78,82.5,0.11,0.11,0,0
2016-08-17,1.3581263672629005,3.338080684596577,13.796354394543817,0.4207309226611762,0.49546390425942605,2.9948533007334963,0.1735143482177326,0.29747136790631834,18.25306009522584,0.33475321351463416,15542,85,77,81,0.01,0.01,0,0
2016-08-18,1.3634806238185255,3.327009688090737,13.952206994328922,0.41505198487712663,0.4952741020793951,3.0675035444234404,0.19254903119092628,0.2972353497164461,18.49226902173913,0.34795816595778195,16928,85,72,78.5,0.03,0.03,0,0
2016-08-19,1.3510199876365134,3.404141252833299,14.11466361013806,0.42896146713373173,0.4953894498248506,3.106331650525448,0.20157582938388627,0.29746548526684524,18.71883886255924,0.35391798028710764,19412,88,74,81,0.01,0.01,0,0
2016-08-20,1.3972822108345535,3.503140098828697,13.981848920204978,0.2506863103953148,0.4958592606149341,2.997649158125915,0.15012856881405565,0.29751555636896043,18.244020863836017,0.34649156854969904,21856,83,70,76.5,0.82,0.82,0,0
2016-08-21,1.3831946842463245,3.512413017318056,13.731317951132738,0.23708993878512008,0.49657301313242297,3.027469261759012,0.12790195155130016,0.29784963114110813,17.994704651284465,0.3305738386322282,19113,86,73,79.5,0.31,0.31,0,0
2016-08-22,1.35365099009901,3.470266089108911,14.161169554455446,0.39839882425742573,0.49489480198019803,3.097428063118812,0.21268100247524752,0.29716893564356434,18.739061726485147,0.3328043780940594,12928.000000000002,79,65,72,0,0,0,0
2016-08-23,1.3400378071833647,3.2902994328922497,13.646673724007561,0.41103969754253306,0.49512287334593574,3.0050797731568997,0.17520756143667296,0.29723251417769375,18.109263516068054,0.34388991808443603,13225,82,61,71.5,0,0,0,0
2016-08-24,1.344993715961458,3.2914132104454685,13.6519403714565,0.42322999581064097,0.49567099567099565,2.9500984499371596,0.18077084206116464,0.2976120653540008,18.07472070939813,0.3436131670002638,14322,88,68,78,0,0,0,0
2016-08-25,1.3595147270339567,3.29642111187543,13.692288787442937,0.4381214433118629,0.4960602839096992,2.986047776874492,0.18307798136451756,0.29761740979300855,18.168246513663934,0.3425510877646454,15991,86,69,77.5,0.01,0.01,0,0
2016-08-26,1.3410710045119925,3.284262051769176,13.65343030159107,0.4324388506293042,0.4957254808834006,2.9504713844692474,0.17014129660413205,0.2974709095226787,18.075488601282355,0.34587715045251854,16844,90,75,82.5,0,0,0,0
2016-08-27,1.3793901156677182,3.44430967402734,13.941182439537329,0.25467928496319664,0.4952681388012618,2.9801635120925343,0.123198738170347,0.297192429022082,18.173506309148266,0.36329330237177243,19020,89,73,81,0,0,0,0
2016-08-28,1.3809781627865005,3.5126487396980086,13.731848643445828,0.2550682788906936,0.49488660289959696,2.9402743187150335,0.13558683751428743,0.29711243457859593,17.935619924201408,0.3310655584297526,16623,89,72,80.5,0,0,0,0
2016-08-29,1.3461635857179033,3.434434878028193,13.694635772769477,0.42048619903773105,0.49425170929349205,2.989298556596607,0.21957119945977885,0.2967839959483413,18.20403730902338,0.31772481078191384,11847,91,74,82.5,0,0,0,0
2016-08-30,1.3360026417898125,3.3389573185833403,13.757733014117065,0.43333608519772143,0.4946751424089821,3.0090770246842236,0.19549739948815323,0.29678031866589616,18.270724015520514,0.34726253703550825,12112.999999999998,86,69,77.5,0,0,0,0
2016-08-31,1.3429087080764024,3.363387727477816,13.864138216273124,0.4286358850955031,0.4947736501729583,2.9956000902391335,0.20751992780869305,0.2969995488043315,18.373428335087983,0.33294016644106883,13298,89,74,81.5,0.01,0.01,0,0
2016-09-01,1.350828729281768,3.341667982109971,13.862828860826099,0.4258747697974217,0.4950670876085241,2.9728420152591424,0.21828860826098395,0.2969613259668508,18.35942186266772,0.34049579423543513,15203.999999999998,79,69,74,0.5,0.5,0,0
2016-09-02,1.3577670536063648,3.5248500065214556,14.235254336767966,0.44685013695056736,0.4946524064171123,3.11019955654102,0.24355419329594366,0.29686970131733403,18.911497326203207,0.343349437705607,15334,81,66,73.5,0,0,0,0
2016-09-03,1.3925657894736843,3.6830013157894737,14.18940394736842,0.26361842105263156,0.4941776315789474,3.03295,0.21814868421052633,0.2965263157894737,18.571255921052632,0.3527207785087719,15199.999999999998,75,66,70.5,0,0,0,0
2016-09-04,1.3766928011404134,3.6783713471133286,14.078611546685673,0.27049180327868855,0.4949394155381326,3.0237633642195294,0.20326728439059158,0.2971133285816108,18.44946258018532,0.3178284232200839,14030.000000000002,80,65,72.5,0,0,0,0
2016-09-05,1.367033529562324,3.7433410118590564,14.140623666922618,0.23474959474447574,0.49500895828001024,3.0088072690043512,0.24407473765037113,0.2970309700537497,18.51076102721611,0.3120983941453611,11721,84,65,74.5,0,0,0,0
2016-09-06,1.312907327928787,3.364830710538865,13.932678429502463,0.42624384040693053,0.49455571451279606,2.94170561119059,0.23592036242250836,0.29685264663805433,18.419694802098235,0.3291771092742719,12582,80,71,75.5,0.01,0.01,0,0
2016-09-07,1.3517382413087935,3.3763562664329534,14.340411189015484,0.41991673970201576,0.49448583114227285,3.087287467134093,0.2219982471516214,0.29658194566170026,18.944533304119194,0.35744057762846104,13691.999999999998,85,71,78,0,0,0,0
2016-09-08,1.3436171583150844,3.422320623470308,14.427479067370863,0.42902228519902097,0.4953304134999356,3.0942341878139894,0.25021383485765814,0.2974107947958263,19.07624565245395,0.33724204560092746,15526,89,71,80,0,0,0,0
2016-09-09,1.348879769299024,3.2068921916592723,13.953361246672582,0.4438498225377107,0.49467613132209404,3.0126547249334514,0.19245008873114464,0.29687222715173023,18.481350377107365,0.34248354776693285,18032.000000000004,91,75,83,0.22,0.22,0,0
2016-09-10,1.3698693171360206,3.3894399963187927,13.886076753175042,0.23621847966132892,0.4954905208908522,2.957340327627462,0.14885606478925087,0.29723909442297075,18.105939628198048,0.33677430363826,21732,90,74,82,0.01,0.01,0,0
2016-09-11,1.3772809191259292,3.5335419013291283,13.902289930164452,0.24526920477585043,0.4948749718405046,2.91584365848164,0.15420139671097094,0.29712773147105204,18.088695652173914,0.35770989774974343,17756,83,67,75,0,0,0,0
2016-09-12,1.2972279767189503,3.429690243661833,13.936993193252441,0.41092039064812075,0.49413041333727925,2.9667455854789386,0.19022393212982144,0.29668540988458125,18.41126566045181,0.3303158396632797,10137,78,62,70,0,0,0,0
2016-09-13,1.3314541663448916,3.225743300640976,13.95106571936057,0.4281797822225655,0.49532782454243574,2.9720897366592016,0.17569387597497876,0.29745154065951035,18.410209282570083,0.3315641920010983,12948.999999999998,83,64,73.5,0,0,0,0
2016-09-14,1.323989783220905,3.078677713013295,13.663020499050363,0.4582814853624992,0.49584124697098697,2.9305724015980092,0.1748752374091296,0.29758333879101445,18.11926714257646,0.32771244933452676,15268.999999999998,91,67,79,0.56,0.56,0,0
2016-09-15,1.3288114499066583,3.1117902924704417,13.695336652146857,0.4437149968886123,0.49589296826384566,2.916778469197262,0.16363658991910393,0.29757311761045424,18.088026135656502,0.3652720908525202,16070,74,61,67.5,0,0,0,0
2016-09-16,1.3370027804573568,3.2143516994836294,13.866177154854451,0.45131362424104865,0.4954321057708676,2.9563195823639563,0.18369176644158203,0.29739544912897914,18.328619417806276,0.3720477185748422,17623,73,61,67,0,0,0,0
2016-09-17,1.355107551913586,3.3511826054567466,14.167398267995157,0.24904553496601173,0.495250954465034,2.967960238383462,0.1208268926343235,0.2971366048980352,18.371431231958283,0.40762199822040124,21478,77,59,68,0,0,0,0
2016-09-18,1.369541640504595,3.4572464181745532,13.917336035161824,0.24299332153661737,0.49509104400936127,2.955704092699355,0.15163023003596096,0.297088874935784,18.143624065300532,0.3754943838752846,17518.999999999996,82,70,76,0,0,0,0
2016-09-19,1.3349795400028222,3.1701326372230847,13.830052208268661,0.396430083251023,0.49488500070551716,2.9375701989558345,0.1900571468886694,0.2971849865951742,18.265807111612812,0.3577387587601712,14174.000000000002,76,69,72.5,0.68,0.68,0,0
2016-09-20,1.3239345673697804,3.166539675706701,13.766059692925815,0.4281102023245803,0.496161572679007,2.9438082938728654,0.1657935141340221,0.2977399913904434,18.193336203185535,0.36759594075349566,13938.000000000002,82,68,75,0,0,0,0
2016-09-21,1.3141749421847368,3.193254659230037,13.829672833628077,0.4386818119983676,0.49452455448238336,2.9943769555162563,0.17824241599782342,0.2968779757856074,18.32083390014964,0.3708978559228525,14702,84,68,76,0,0,0,0
2016-09-22,1.3290494815918545,3.287229155025765,14.069322033898304,0.4474141677531508,0.4954057242192835,3.015147451418638,0.19852672750977834,0.2972806854162786,18.604974234804743,0.3707971171954223,16107.000000000002,86,65,75.5,0,0,0,0
2016-09-23,1.3357103973870441,3.1973473053892216,14.084237887860642,0.4627653783342406,0.4949918345127926,3.024267827980403,0.1752651061513337,0.2971420794774088,18.625983669025587,0.3805296830581262,18370,87,64,75.5,0.01,0.01,0,0
2016-09-24,1.3690237226277373,3.43865602189781,14.249663777372263,0.25278284671532847,0.49539233576642333,2.9877317518248176,0.1360661496350365,0.2972764598540146,18.50675091240876,0.3910864887469586,21920,71,58,64.5,0.2,0.2,0,0
2016-09-25,1.367053998632946,3.4914149008885853,13.964069833675097,0.250911369332422,0.4956140350877193,2.957518796992481,0.14767372977899293,0.2973855092276145,18.19329118250171,0.3667112225006962,17556,70,54,62,0,0,0,0
2016-09-26,1.3445629652367432,3.15176425447011,13.26869004681145,0.41804159312408873,0.49631647609546464,2.8576977975596654,0.17271890108203514,0.2979740618525056,17.618825109354617,0.3199425088890594,13030.999999999998,74,54,64,0,0,0,0
2016-09-27,1.3492970123022847,3.073939660222613,13.312049648506152,0.44229642647920325,0.4963386057410662,2.854896748681898,0.1638715582893966,0.29811072056239013,17.6734841827768,0.3405979056824839,13656.000000000002,74,64,69,0.22,0.22,0,0
2016-09-28,1.3470954748568191,3.013572912077538,13.093569135880168,0.45669960349927624,0.4951853483542073,2.825311221599849,0.17171628170432374,0.29750770973629553,17.423594310529296,0.3502194914720876,15889.000000000002,69,56,62.5,0,0,0,0
2016-09-29,1.3614066726780885,3.0216134655846107,13.344302374511573,0.43889389840697324,0.49492034866245865,2.975712654042681,0.16362128043282237,0.29711451758340846,17.80083198076345,0.3614018969375146,16635,64,57,60.5,0,0,0,0
2016-09-30,1.3394405525890365,2.955152598834076,13.478894332043305,0.4507911624944888,0.49578699848135993,2.872128545534708,0.15233233723607506,0.29770734335962373,17.858496546318523,0.3796832628444836,20413.000000000004,59,56,57.5,0.4,0.4,0,0
2016-10-01,1.3709048007986206,3.4298271167982577,13.926451129866594,0.24133315182865958,0.49568926399854796,2.924110173336963,0.14621381250567203,0.2975905254560305,18.11322170795898,0.35330670004335946,22038.000000000004,62,56,59,0,0,0,0
2016-10-02,1.3775846898372195,3.561875824901012,13.984961504619445,0.24397822261328642,0.4945006599208095,2.9632644082710073,0.1758369995600528,0.2969313682358117,18.24346458424989,0.36756339517035735,18184,63,57,60,0,0,0,0
2016-10-03,1.3478151471944981,3.2262475886941204,12.993903380021807,0.41050910005871005,0.4946741591881238,2.838942380273421,0.15844334479577288,0.29687997987083786,17.301949173865637,0.2870368195923845,11923,72,60,66,0,0,0,0
2016-10-04,1.3362380279478725,3.1132179306013503,12.888625372899984,0.4324854765269273,0.495014915999372,2.789638875804679,0.14403124509342127,0.2971267074894018,17.13867954152928,0.33274173077929553,12737.999999999998,69,60,64.5,0,0,0,0
2016-10-05,1.3334229450903958,3.1372027690032933,13.501126419786276,0.4463673633980778,0.49579944888769406,2.921016197325089,0.16976006452046508,0.29754015726863364,17.917613414880034,0.3332878740357402,14879.000000000002,67,53,60,0,0,0,0
2016-10-06,1.343428225317989,3.2239878861296183,14.087859479103573,0.441671714112659,0.495366444579043,3.0264239854633557,0.18238522107813446,0.2972198667474258,18.619954572986067,0.383660559257016,16510,73,55,64,0,0,0,0
2016-10-07,1.3533285769167445,3.201301245815268,13.980044454201197,0.4464903133746776,0.49464903133746774,2.97905164370781,0.17292135448109325,0.2970528511058668,18.463357664233577,0.38426603308758517,18221,75,57,66,0,0,0,0
2016-10-08,1.393527997863438,3.326669634113772,13.849770764711119,0.23197275883557375,0.4957491320217217,2.9470448678002317,0.131347814475207,0.2975830143327695,18.046796047360456,0.3719091936457066,22465.999999999996,68,58,63,0.23,0.23,0,0
2016-10-09,1.3750267036957915,3.3912118137150182,13.440139927365948,0.22869045075838496,0.4958075197607349,2.8703316599017303,0.13955885494552447,0.2976767784661397,17.570445417645804,0.32092799793491417,18724,65,51,58,0.55,0.55,0,0
2016-10-10,1.3361170899698664,3.299960396039604,13.165368919500645,0.16633663366336635,0.49522169608265176,2.804700817907878,0.16784502798105896,0.29718467498923806,17.186928971157986,0.3254119911991199,11614.999999999998,64,47,55.5,0,0,0,0
2016-10-11,1.3313672111312764,3.0862590744101634,13.239186327888687,0.42509830611010285,0.4945553539019964,2.8582803992740473,0.171029945553539,0.29684664246823955,17.573359044162128,0.32967521173623715,13224,63,46,54.5,0,0,0,0
2016-10-12,1.3477807566279416,3.1149046767947572,12.698412272862676,0.43122579684241885,0.49519660411081323,2.7800834078045873,0.16174411677092643,0.2971849865951742,16.943069705093833,0.30255916327408733,13428,66,53,59.5,0,0,0,0
2016-10-13,1.3533239211834756,3.1094542999202015,13.735046344607452,0.43063654778712174,0.49512000491068686,2.9242649315573015,0.16506782886256216,0.2971272481738383,18.12851942790498,0.3436794174015646,16291,67,53,60,0.01,0.01,0,0
2016-10-14,1.3393305215952165,3.097086647803107,13.633094869467728,0.4561155304041429,0.49538198708024134,2.916696385670813,0.166732155250654,0.2974374032352784,18.038988842026587,0.3447202795128693,18731,62,47,54.5,0,0,0,0
2016-10-15,1.3745069917533166,3.2522400501972033,13.613367246324847,0.2437029401219075,0.49616798135532447,2.8768245787020437,0.12668698458228755,0.2977814628899247,17.73019003226963,0.3545795361738576,22312,65,45,55,0,0,0,0
2016-10-16,1.375422273910395,3.4149676025917928,13.568371822561888,0.2407930442487678,0.4952926842775655,2.895361909508778,0.1387849587417622,0.2973915932879216,17.709239076258516,0.3546350599644336,18057,69,53,61,0,0,0,0
2016-10-17,1.3355840124175398,3.2550896391152504,13.389354287931704,0.4221187427240978,0.4951105937136205,2.8870329840900273,0.18646720993403182,0.2971362048894063,17.76930384167637,0.30770868365455095,12884.999999999998,81,63,72,0,0,0,0
2016-10-18,1.3623320268757,3.1415404535274356,13.284178331466965,0.426756718924972,0.49485582306830905,2.878026315789474,0.15071948488241882,0.29693449048152293,17.61975153975364,0.32746937989921615,14287.999999999998,81,67,74,0,0,0,0
2016-10-19,1.3535346917381903,3.1109067680010485,13.53028238223154,0.4392321299875516,0.49505339710410795,2.9089372993513725,0.16164318941230427,0.2971892812684269,17.91661010286313,0.3128136306390909,15263.000000000002,85,65,75,0,0,0,0
2016-10-20,1.3492664458116421,3.1178011121628018,13.60598793185045,0.43788452437292946,0.49609559867486985,2.902088263132986,0.17022834831992428,0.2977460955986749,17.983992546142925,0.3405191243361203,16904,70,62,66,0,0,0,0
2016-10-21,1.3471939661588845,3.0182568352106385,13.418839874956582,0.4255942043368233,0.4957078350617774,2.9185451297573564,0.1596650622736069,0.2975884483699697,17.80562199176301,0.3435509050210335,20153,69,57,63,1.11,1.11,0,0
2016-10-22,1.3773981485622289,3.1489535351728457,13.09527257278297,0.2407316309646259,0.4949018380215554,2.7755373194400965,0.12784848620365816,0.2971423460489245,17.09821340727159,0.33176409572221477,22361,57,47,52,0.29,0.29,0,0
2016-10-23,1.3589472512797685,3.3364951034943244,13.427779323391944,0.23589472512797685,0.49549298909414646,2.8411234141998665,0.1483830402848876,0.2973959492543957,17.514058535499665,0.3040899732917872,17972,61,45,53,0,0,0,0
2016-10-24,1.3567010309278351,3.0538475699558174,12.846591310751105,0.4372974963181149,0.49444035346097204,2.7758129602356405,0.1575419734904271,0.2967304860088365,17.101198085419735,0.30855647602683683,13580.000000000002,62,47,54.5,0.01,0.01,0,0
2016-10-25,1.37547071808856,3.057669133878717,13.116928320997273,0.44520192182833396,0.49470847941825735,2.810337618491105,0.1504382547721075,0.29698091156992595,17.397240618101545,0.3239145529440621,15402,52,43,47.5,0,0,0,0
2016-10-26,1.3518031555221637,2.9598885549711995,13.03568119208615,0.44311920861507637,0.49552341597796146,2.796863886801903,0.13840721262208866,0.2975206611570248,17.282970197846232,0.34237937223474413,15972.000000000002,51,38,44.5,0,0,0,0
2016-10-27,1.3584422512670045,2.8175737530008003,13.050976793811683,0.45284075753534275,0.4957855428114164,2.7947724726593757,0.13693518271539076,0.2976953854361163,17.32249506535076,0.3465183159953765,18745,55,40,47.5,1.41,1.41,0,0
2016-10-28,1.3498829992878218,3.0077510428324348,13.391361277851257,0.4538101536270221,0.49504018720113946,2.9012946383151896,0.1628822871095737,0.2971309390578899,17.784737511445723,0.32423904319417596,19658,51,42,46.5,0,0,0,0
2016-10-29,1.378252747730136,3.3037177983405015,13.649216299578608,0.2638906989877927,0.4961553499283201,2.857038967809201,0.13376254398540335,0.2977974716538512,17.77227160172032,0.33808951301099094,23019,64,39,51.5,0,0,0,0
2016-10-30,1.398627868464632,3.4692893304944405,13.974501064584812,0.25836290513366456,0.49493730778329786,2.959585994795363,0.1483245800804353,0.29706174591909157,18.226258339247693,0.3200310832479037,21135,76,54,65,0.56,0.56,0,0
2016-10-31,1.3435251798561152,3.019496402877698,12.887625207526286,0.4357706142778085,0.49640287769784175,2.7855637797454342,0.1461081903707803,0.2978002213613724,17.137054510237963,0.3196742413761299,14456.000000000002,54,44,49,0,0,0,0
2016-11-01,1.363107715193725,3.0709243356548788,13.326276962607343,0.4264318074244371,0.49452295625126785,2.8764196362161067,0.15507336533910338,0.29677462979241326,17.656306038271687,0.3064630431026063,14789,58,40,49,0,0,0,0
2016-11-02,1.355495251017639,3.06638263229308,13.292989823609227,0.44192672998643145,0.4953527815468114,2.8532822252374492,0.16305563093622796,0.29737449118046133,17.61823880597015,0.32442060530679934,14739.999999999998,70,54,62,0,0,0,0
2016-11-03,1.3573480134035423,3.0914749880325516,13.353533987553854,0.43800861656294876,0.49602082336045955,2.884280157970321,0.16207216371469602,0.29759454284346576,17.701412158927717,0.34788796141162703,16712,72,57,64.5,0,0,0,0
2016-11-04,1.3655351099830795,3.055328891708968,13.38961030033841,0.4572493654822335,0.49566412859560066,2.883817681895093,0.17277707275803722,0.2975729695431472,17.768907571912013,0.3230367990928746,18912,61,47,54,0,0,0,0
2016-11-05,1.3702060675443617,3.232168479297844,13.542023468803663,0.24208166380461743,0.4951583667239077,2.893834668956306,0.12403644342682695,0.2972238122495707,17.665437416523563,0.3353626454875024,20964,62,44,53,0,0,0,0
2016-11-06,1.3831388564760794,3.2496761960326723,13.294042007001167,0.2519836639439907,0.49460326721120185,2.8518255542590434,0.1462666277712952,0.29707701283547255,17.404750875145858,0.5912863509659018,17140,59,45,52,0,0,0,0
2016-11-07,1.3448567258200814,3.0133463931781517,13.083659829453792,0.4212184066989322,0.49481447338096335,2.8055150956441577,0.13463009910117538,0.296934777598525,17.317344242144888,0.31410394953607673,13017,53,41,47,0,0,0,0
2016-11-08,1.3516904583020286,2.9995138993238166,12.730060105184073,0.15503380916604056,0.4946280991735537,2.7505822689706987,0.14517806160781369,0.2969120961682945,16.64405860255447,0.27817528591702145,13310,66,41,53.5,0,0,0,0
2016-11-09,1.3471134583864506,3.0230923329083956,13.221994779335883,0.4332847690159655,0.49562921143689675,2.900256783828082,0.1488022825229163,0.29759606629029317,17.571630546955625,0.31458388136816473,16473,59,49,54,0.06,0.06,0,0
2016-11-10,1.3297955267734005,3.052055525574144,13.498892486658272,0.43730886850152906,0.4955027882712718,2.936512562211429,0.1568651436109612,0.297517539125742,17.892252203633745,0.3288172832843637,16677,56,40,48,0,0,0,0
2016-11-11,1.3556452040978821,2.986710016455226,12.743705079887468,0.20853017676097457,0.49607197834279954,2.7290376346939857,0.14333563352619566,0.2976591114178035,16.680890705451457,0.30092407299278684,18839,63,41,52,0,0,0,0
2016-11-12,1.3900009623712828,3.170404195938793,13.191228948128188,0.2463429891252045,0.49607833702242327,2.80472909248388,0.10447983832162448,0.29757482436724086,17.201864594360504,0.32296081544926697,20782,50,37,43.5,0,0,0,0
2016-11-13,1.3673257623796622,3.3317092292615436,13.38319709459849,0.23560269787283103,0.4958033089294979,2.8500397763302012,0.13198593416729118,0.2975096558482735,17.458342652908286,0.3102347027664085,17347,61,41,51,0,0,0,0
2016-11-14,1.344516701152823,3.1409680756724803,13.487163020987289,0.40618533845699084,0.4950857227313036,2.897982559858114,0.15845625184747267,0.297073603310671,17.823941028672774,0.31923352464939075,13532,62,46,54,0,0,0,0
2016-11-15,1.3429491307147456,2.870686413393432,12.800769478428847,0.4139922730199614,0.49571796522858985,2.777184803605924,0.13728332260141662,0.29746941403734706,17.014117192530588,0.30252357444372896,15530,56,47,51.5,1.81,1.81,0,0
2016-11-16,1.3433656957928803,2.969948867313916,13.273319741100323,0.44210355987055017,0.4949514563106796,2.8670569579288028,0.14803948220064725,0.29708737864077667,17.594092556634305,0.3230305285868393,15449.999999999998,61,45,53,0,0,0,0
2016-11-17,1.359146487652841,2.9999550467513787,13.406048309757852,0.44467753536322224,0.4958942699592424,2.9049400623351715,0.1646163989450971,0.29773435626947975,17.78286022536562,0.33704755387730095,16683.999999999996,61,49,55,0,0,0,0
2016-11-18,1.3569715298779852,3.063815830639274,13.431400041714465,0.448925852539368,0.4955939096881844,2.878265721138805,0.14546459484826363,0.2975127750547502,17.76750912503911,0.3242457213705519,19178,64,44,54,0,0,0,0
2016-11-19,1.3840582990087358,3.1151744896573574,13.140363916172543,0.2557144796994523,0.4958584166930702,2.7945371837233512,0.11851944054677953,0.2976779975557869,17.169826189290724,0.318452702464833,22093,63,37,50,0.25,0.25,0,0
2016-11-20,1.3815369371353077,3.102373665088627,12.680732687438072,0.2304855224044919,0.4949080700209182,2.7131234173731147,0.12314103269844764,0.29712650005504787,16.61775404602004,0.2912677988183053,18166,42,34,38,0.32,0.31,0.01,0
2016-11-21,1.3372132367868985,2.8642972186506057,12.546369357785748,0.4295526832239291,0.49600730865534276,2.7103458076740883,0.15883332205454423,0.29772619611558504,16.72221425187792,0.30903310700563186,14776.999999999998,41,36,38.5,0,0,0,0
2016-11-22,1.3554652786593882,3.0236282848800307,13.433938047480005,0.43369937793576235,0.49511235241843343,2.8909127840548434,0.18828107147391138,0.2973530531928399,17.825627142313063,0.3339991430747747,15754,41,37,39,0,0,0,0
2016-11-23,1.3533441033925686,3.1356814216478193,13.827523101777059,0.40807754442649435,0.49479806138933763,3.000329563812601,0.2282546042003231,0.297421647819063,18.340326978998384,0.3231311434212888,15475,45,35,40,0,0,0,0
2016-11-24,1.3773003509372592,3.5308208508088677,13.649459898998545,0.2172815201574938,0.494008388256441,2.953800393734486,0.1836394761619447,0.2964563896259522,17.92239578875289,0.3025452461791587,11683,48,38,43,0.03,0.03,0,0
2016-11-25,1.349770530221658,3.0930250952055465,12.419772483155942,0.46626306024802266,0.4937994336490577,2.808215994531784,0.12376330436480812,0.2963968362464603,16.686616541353384,0.28120805259903003,10240.999999999998,54,45,49.5,0.02,0.02,0,0
2016-11-26,1.3876816808173837,3.107679522233415,12.547000287811196,0.2273348683263779,0.4950352568714923,2.750844725859836,0.11793783278169521,0.2973881133976112,16.503255864153115,0.2992938032650581,13897.999999999998,50,40,45,0,0,0,0
2016-11-27,1.3838225408917768,3.0692807528568227,12.324666517290312,0.21999402494585107,0.49551870938830384,2.6404055568003586,0.12107252221973262,0.29746807080439164,16.158804989170214,0.2758838515862939,13389,50,39,44.5,0,0,0,0
2016-11-28,1.3423633440514469,2.9604003215434083,12.819149517684888,0.4284967845659164,0.49553858520900324,2.791944533762058,0.14534887459807075,0.29739549839228296,17.062411575562702,0.29759130493033226,12440,52,38,45,0,0,0,0
2016-11-29,1.3564179104477612,2.6831774461028193,12.467859369817578,0.4246766169154229,0.49535655058043115,2.689666334991708,0.1285983416252073,0.29723383084577115,16.59345074626866,0.3023325962778699,15075,60,51,55.5,2.2,2.2,0,0
2016-11-30,1.3603822974371462,2.7306751080538136,12.380182626164242,0.43376757776830827,0.4957995982224387,2.7286930054179095,0.1347854142570159,0.29724234491994883,16.5473105253546,0.3102493354436801,16427,58,50,54,0.73,0.73,0,0
2016-12-01,1.3629634087626383,2.858120486278286,12.792652864708714,0.4406896966779008,0.49572701011073667,2.7730597014925373,0.14020582571015888,0.2976167549350024,17.008217380837745,0.31511148892633606,16616,54,42,48,0.07,0.07,0,0
2016-12-02,1.3623393653291371,2.9675274062418042,13.02193443482822,0.44783634933123523,0.4956464725937582,2.864660372410176,0.127017046944663,0.29752950432730135,17.325009703645424,0.3221233353731387,19065,51,40,45.5,0,0,0,0
2016-12-03,1.386055667460172,3.074337117744003,12.94970197765977,0.24061527192821827,0.4956052005127266,2.7713385826771653,0.09985442226698407,0.2974867240432155,16.919404870902767,0.3432005737654886,21844,47,41,44,0.01,0.01,0,0
2016-12-04,1.3721773721773722,3.192736632736633,12.896519831519832,0.2416929916929917,0.4953784953784954,2.785170235170235,0.1214004914004914,0.29736749736749735,16.905772785772786,0.306542484042484,17094,47,39,43,0,0,0,0
2016-12-05,1.3563201417601891,2.9151410218546956,12.781729917306556,0.42465298287064385,0.49590224453632603,2.7688393384524512,0.1349291199054932,0.2977185469580626,16.989060838747786,0.30585775989367986,13543.999999999998,49,38,43.5,0.19,0.19,0,0
2016-12-06,1.3692585895117542,2.655641952983725,12.170564195298372,0.46971066907775766,0.4956600361663653,2.661765521398433,0.10913441832429174,0.29735985533453885,16.279059071729957,0.33045395485901813,16590,46,37,41.5,0.35,0.35,0,0
2016-12-07,1.3705701561813963,2.891544251395597,12.772165840807878,0.4254845386690083,0.49535846452988774,2.7709069811202407,0.12580066486859437,0.2972903468606912,16.964203725773068,0.3186940802999575,15943,46,40,43,0.09,0.09,0,0
2016-12-08,1.3693260768874478,2.8929521769337656,12.979743515516443,0.44071329319129227,0.49554191755442334,2.7966442797591475,0.13847556739231126,0.2973425196850394,17.21951829550718,0.335210456229736,17272,45,35,40,0,0,0,0
2016-12-09,1.3676256195937408,2.8688390514141315,12.6898823986782,0.45757605209446983,0.49650111769851296,2.7523904169501408,0.1309378948391486,0.2978860919428516,16.89926280493731,0.3341066916124016,20578.000000000004,39,29,34,0,0,0,0
2016-12-10,1.3714819374283653,3.0656671053190134,13.03521670840939,0.23907967907628305,0.49603090376533515,2.8071138090588783,0.11651823237254319,0.2976312773273337,17.071573205416648,0.36134015366982214,23557,35,28,31.5,0,0,0,0
2016-12-11,1.3774373259052926,3.2347114206128134,13.08540278551532,0.23409470752089137,0.49515320334261836,2.837942618384401,0.11257214484679666,0.297075208913649,17.14793704735376,0.2967820798514392,17950,35,28,31.5,0.43000000000000005,0.03,0.4,0
2016-12-12,1.3497450939311404,3.009684335498289,12.96283120329632,0.42502968084363435,0.49525106501850685,2.8515936867099656,0.1568014526154061,0.29721349256232976,17.292544172079054,0.3061350109799722,14319.000000000002,46,34,40,0.5,0.5,0,0
2016-12-13,1.3535231982885412,2.886872576547667,12.713954405669208,0.4415697285733387,0.4957547800508089,2.778995186522262,0.11253777242946918,0.29743281187324505,16.919235860409145,0.31001260938033903,14958,43,35,39,0,0,0,0
2016-12-14,1.3674659368120425,2.8658487534955674,12.749066460403403,0.44862259772713753,0.4959243172487654,2.770436127803891,0.1269982745284703,0.29759028976021895,16.96188433390849,0.33045096950344766,16807,42,34,38,0,0,0,0
2016-12-15,1.368511854882437,2.76120421945088,12.539442993049736,0.44804554640903044,0.49576083205993987,2.740243998619806,0.1297067087297284,0.29758958939222163,16.736418396017154,0.3223739751236424,20287,34,19,26.5,0.01,0,0.01,0
2016-12-16,1.3627614873717977,2.947534902634076,13.076071025166042,0.45477341526227805,0.49579812948990193,2.8381416888808566,0.14275064383499753,0.2975873130619437,17.40764785614241,0.3449656495830761,22133,27,17,22,0,0,0,0
2016-12-17,1.3795022920759659,3.189479839086912,12.990210496772383,0.2432874918140144,0.4960473383852559,2.8238413322106837,0.13057816446814483,0.2977827673309009,17.100944896622696,0.3524673989875365,21378.000000000004,39,24,31.5,3.53,0.73,2.8,2
2016-12-18,1.3867743175701652,3.2210627780523975,12.915268303399792,0.23290492667655296,0.49621024880540454,2.766226176745208,0.1370599220080189,0.297907398253419,16.936077882133244,0.3207359806667765,18207,58,31,44.5,0.04,0.04,0,1
2016-12-19,1.3545546218487394,2.9526312605042015,12.622602352941177,0.4372773109243697,0.49559663865546216,2.7362843697478993,0.15888403361344539,0.2975596638655462,16.845333781512604,0.33098524743230623,14875,31,23,27,0,0,0,0
2016-12-20,1.3493163999222446,3.0113432255556276,13.060068683988854,0.43413464653664224,0.4948163027279207,2.8224635521285557,0.19109311216224972,0.29712304801399597,17.389633253418,0.33207783465445617,15433,33,20,26.5,0,0,0,0
2016-12-21,1.3587568833470474,3.1262643205266154,13.239084119248053,0.4363883790113298,0.4946832077979619,2.9302291284258497,0.21854990822203937,0.29720868409393,17.701677321349454,0.33165515046662586,15799.000000000002,40,30,35,0,0,0,0
2016-12-22,1.357006975269499,3.156676601141408,13.4062745719721,0.4488268864933418,0.49416613823715916,2.9237723525681676,0.20206024096385541,0.29695624603677867,17.853914394419785,0.3658814732614669,15769.999999999998,49,37,43,0,0,0,0
2016-12-23,1.3534533940233524,3.2979358796754403,13.67898080348308,0.43528596873144665,0.494392769971634,3.033562899927436,0.23953427007058514,0.2971699980209776,18.26811135299162,0.3766785041522821,15158.999999999998,47,38,42.5,0,0,0,0
2016-12-24,1.3749686061113437,3.3334918375889493,13.097851820845541,0.19723733779824193,0.4934282126412725,2.9762402678945166,0.19150606948514023,0.29635830891586434,17.35328338216827,0.3036464350495326,11945,47,38,42.5,0.47,0.47,0,0
2016-12-25,1.3845726970033296,3.5712069922308545,13.637391786903441,0.2235710321864595,0.4909128745837958,3.0636542730299667,0.1976803551609323,0.2947974472807991,18.041193118756937,0.341672370205944,7208,50,36,43,0,0,0,0
2016-12-26,1.3457142857142856,3.120903896103896,12.356309090909091,0.17006493506493506,0.4951948051948052,2.686116883116883,0.17499220779220778,0.29742857142857143,16.26017142857143,0.2926290404040404,7700,50,33,41.5,0.02,0.02,0,0
2016-12-27,1.3891927368190768,3.106261211988624,12.664939838109822,0.4501203237803544,0.49540581929555894,2.7808718004812953,0.14138700503172172,0.2971778604244148,16.908217020345656,0.3122111925423564,9142,60,40,50,0,0,0,0
2016-12-28,1.3573389458272327,2.8786905197657395,12.151463213762812,0.4488927525622255,0.49487554904831627,2.6765181185944362,0.1255051244509517,0.29692532942898975,16.281588579795024,0.2932765220839434,10928.000000000002,40,34,37,0,0,0,0
2016-12-29,1.35351462288353,2.886145886779545,12.008886608517189,0.42611595690097487,0.4953822473063109,2.624455276210022,0.1254113220454934,0.29740892765520777,16.047991277578245,0.28062477433821714,11694,46,33,39.5,0.39,0.39,0,0
2016-12-30,1.3506609238081093,2.9202383781375314,12.242125352740235,0.46687954849249963,0.4949131145106193,2.70444452695678,0.11284494281895144,0.2970592603594237,16.3881204515075,0.30648383995907386,13466.000000000002,40,33,36.5,0.02,0.01,0.01,0
2016-12-31,1.4012319063751155,3.0728192177394518,12.303087157376039,0.2585155528179858,0.49525716045580537,2.7272978133661843,0.11045272559285495,0.2971727748691099,16.283002771789345,0.3004884508777333,16235,44,31,37.5,0,0,0,0
